{
    "Variable":  [
                     {
                         "Name":  "SampleEncryptedStringVariable",
                         "Value":  "SomeSecretStringValue",
                         "LastModified": "2014-05-26 17:01:38Z"
                     },
                     {
                         "Name":  "SampleEncryptedIntVariable",
                         "Value":  123,
                         "LastModified": "2014-05-26 17:01:38Z"
                     }
                 ],
    "PSCredential":  [
                         {
                             "Name":  "SampleCredential",
                             "Username":  "SomeUser",
                             "Password":  "SomePassword",
                             "LastModified": "2014-05-26 17:01:38Z"
                         }
                     ],
    "Connection":  [
                       {
                           "Name":  "SampleConnection",
                           "ValueFields": {
                              "SomeFieldName":  "SomeFieldValue",
                              "SomeOtherFieldName":  321
                            },
                           "LastModified": "2014-05-26 17:01:38Z",
                           "ConnectionType": "SomeConnectionType"
                       }
                   ]
}
